{
  "documents": [],
  "tables_parsed": [
    {
      "original_name": "TLCA_Gun_Register_Complete(2)",
      "file_name": "TLCA_Gun_Register_Complete(2)_parsed.md",
      "file_path": "/workspace/tlca_gun_register/uploaded_files/tables/TLCA_Gun_Register_Complete(2)_parsed.md",
      "file_type": "xlsx",
      "category": "tables_parsed",
      "summary": "Parsed content from TLCA_Gun_Register_Complete(2) (may be incomplete)",
      "source_id": "2020681321388617728",
      "note": "Excel parsing is incomplete, use source file for complete analysis"
    }
  ],
  "tables_source_info": [
    {
      "original_name": "TLCA_Gun_Register_Complete(2)",
      "file_name": "TLCA_Gun_Register_Complete(2)_source_info.json",
      "file_path": "/workspace/tlca_gun_register/uploaded_files/source_files/TLCA_Gun_Register_Complete(2)_source_info.json",
      "file_type": "json",
      "category": "tables_source_info",
      "summary": "Source info for TLCA_Gun_Register_Complete(2)",
      "source_id": "2020681321388617728"
    }
  ],
  "images": [],
  "summary": {
    "total_files": 2,
    "by_category": {
      "documents": 0,
      "tables_parsed": 1,
      "tables_source_info": 1,
      "images": 0
    },
    "processing_time": null
  }
}